ENSG00000000457,6
ENSG00000000460,7
ENSG00000002726,35
ENSG00000004139,35
ENSG00000004897,35
ENSG00000002746,6
ENSG00000004399,10
ENSG00000004809,32
ENSG00000004455,7
ENSG00000005206,32
ENSG00000004766,6
ENSG00000005243,22
ENSG00000005075,8
ENSG00000004975,6
ENSG00000005844,10
ENSG00000006638,28
ENSG00000006756,26
ENSG00000007047,10
ENSG00000005884,7
ENSG00000005339,13
ENSG00000007541,24
ENSG00000006071,9
ENSG00000006468,13
ENSG00000007174,18
ENSG00000008128,34
ENSG00000008710,28
ENSG00000006611,16
ENSG00000008838,25
ENSG00000010438,35
ENSG00000006704,6
ENSG00000006788,17
ENSG00000007516,7
ENSG00000008382,13
ENSG00000006432,6
ENSG00000007062,8
ENSG00000007202,13
ENSG00000011451,8
ENSG00000018280,7
ENSG00000018607,35
ENSG00000010310,12
ENSG00000022567,6
ENSG00000007314,6
ENSG00000010322,6
ENSG00000028310,13
ENSG00000008196,6
ENSG00000010818,6
ENSG00000013573,33
ENSG00000008300,6
ENSG00000029363,35
ENSG00000010361,7
ENSG00000011523,13
ENSG00000014164,12
ENSG00000034063,18
ENSG00000010292,7
ENSG00000015592,34
ENSG00000034152,35
ENSG00000010327,10
ENSG00000008869,11
ENSG00000013288,6
ENSG00000008735,8
ENSG00000041802,31
ENSG00000013374,18
ENSG00000042304,11
ENSG00000010610,16
ENSG00000021826,31
ENSG00000044090,35
ENSG00000047410,12
ENSG00000048707,6
ENSG00000013725,16
ENSG00000026036,9
ENSG00000055609,35
ENSG00000021762,15
ENSG00000058453,22
ENSG00000015568,10
ENSG00000059122,24
ENSG00000025770,14
ENSG00000022556,7
ENSG00000060069,26
ENSG00000012048,10
ENSG00000028137,15
ENSG00000025796,23
ENSG00000035720,15
ENSG00000060491,18
ENSG00000013810,7
ENSG00000062822,34
ENSG00000026297,19
ENSG00000064932,17
ENSG00000039139,9
ENSG00000048052,13
ENSG00000065000,27
ENSG00000049246,19
ENSG00000065325,22
ENSG00000032444,24
ENSG00000065361,10
ENSG00000029534,8
ENSG00000033011,15
ENSG00000051341,6
ENSG00000065485,30
ENSG00000065526,9
ENSG00000035141,19
ENSG00000053747,7
ENSG00000067057,15
ENSG00000046889,21
ENSG00000068793,22
ENSG00000027644,7
ENSG00000035681,16
ENSG00000069188,24
ENSG00000048471,10
ENSG00000037757,7
ENSG00000036448,24
ENSG00000069696,20
ENSG00000023171,7
ENSG00000036565,6
ENSG00000037280,20
ENSG00000070366,27
ENSG00000049618,12
ENSG00000038382,10
ENSG00000071626,25
ENSG00000050555,11
ENSG00000072274,15
ENSG00000051382,7
ENSG00000038532,6
ENSG00000072682,27
ENSG00000033122,9
ENSG00000044524,7
ENSG00000064225,27
ENSG00000074071,34
ENSG00000054654,12
ENSG00000027847,6
ENSG00000047578,6
ENSG00000064687,17
ENSG00000033178,9
ENSG00000047662,21
ENSG00000042832,15
ENSG00000048828,20
ENSG00000075856,35
ENSG00000049089,10
ENSG00000077063,8
ENSG00000048140,6
ENSG00000077800,35
ENSG00000065534,28
ENSG00000051825,14
ENSG00000066427,17
ENSG00000064489,20
ENSG00000066923,23
ENSG00000081842,35
ENSG00000055950,14
ENSG00000067365,32
ENSG00000081853,18
ENSG00000065268,30
ENSG00000054179,20
ENSG00000042781,7
ENSG00000082293,31
ENSG00000058335,10
ENSG00000055957,10
ENSG00000060709,8
ENSG00000070047,12
ENSG00000084234,6
ENSG00000038295,9
ENSG00000059377,7
ENSG00000047346,6
ENSG00000050767,6
ENSG00000061936,6
ENSG00000070061,8
ENSG00000084674,18
ENSG00000066827,14
ENSG00000063854,17
ENSG00000085185,7
ENSG00000064201,28
ENSG00000070182,8
ENSG00000086205,17
ENSG00000049323,8
ENSG00000047932,9
ENSG00000054267,9
ENSG00000070444,8
ENSG00000068724,19
ENSG00000088205,24
ENSG00000071894,22
ENSG00000065427,6
ENSG00000072657,24
ENSG00000089195,7
ENSG00000064961,10
ENSG00000057252,6
ENSG00000069431,6
ENSG00000060558,14
ENSG00000073146,16
ENSG00000059145,7
ENSG00000090615,7
ENSG00000047936,8
ENSG00000073578,25
ENSG00000090920,34
ENSG00000063438,14
ENSG00000073670,7
ENSG00000091106,21
ENSG00000061273,10
ENSG00000066294,15
ENSG00000066735,9
ENSG00000091536,7
ENSG00000092096,13
ENSG00000067596,10
ENSG00000074276,25
ENSG00000092199,21
ENSG00000068024,8
ENSG00000092529,6
ENSG00000065618,7
ENSG00000068078,9
ENSG00000092758,28
ENSG00000070756,26
ENSG00000078674,32
ENSG00000092853,6
ENSG00000060718,8
ENSG00000068028,7
ENSG00000070601,6
ENSG00000068831,6
ENSG00000095066,33
ENSG00000073169,6
ENSG00000079337,10
ENSG00000095203,29
ENSG00000069764,8
ENSG00000073282,8
ENSG00000067829,12
ENSG00000070731,25
ENSG00000064205,6
ENSG00000070748,8
ENSG00000070413,13
ENSG00000079432,9
ENSG00000095917,20
ENSG00000070190,7
ENSG00000066455,10
ENSG00000064270,11
ENSG00000095951,7
ENSG00000066629,10
ENSG00000096696,7
ENSG00000074582,20
ENSG00000081248,17
ENSG00000099821,31
ENSG00000074855,21
ENSG00000075043,10
ENSG00000081818,16
ENSG00000099840,13
ENSG00000072195,9
ENSG00000067048,6
ENSG00000099866,35
ENSG00000071564,7
ENSG00000075914,13
ENSG00000066230,6
ENSG00000072210,6
ENSG00000099910,33
ENSG00000072518,26
ENSG00000099949,35
ENSG00000076356,7
ENSG00000072163,15
ENSG00000063244,7
ENSG00000099954,6
ENSG00000083067,12
ENSG00000100023,8
ENSG00000072818,14
ENSG00000085465,25
ENSG00000072840,24
ENSG00000085871,18
ENSG00000100239,22
ENSG00000079616,6
ENSG00000100311,30
ENSG00000088836,8
ENSG00000100344,15
ENSG00000100345,11
ENSG00000079263,10
ENSG00000072182,6
ENSG00000100376,25
ENSG00000079308,22
ENSG00000100427,20
ENSG00000080031,8
ENSG00000089177,8
ENSG00000100441,35
ENSG00000075213,7
ENSG00000100445,34
ENSG00000075461,24
ENSG00000089356,23
ENSG00000090006,9
ENSG00000100842,12
ENSG00000075886,8
ENSG00000076944,11
ENSG00000072858,7
ENSG00000090372,34
ENSG00000077235,7
ENSG00000068097,6
ENSG00000077380,7
ENSG00000073067,6
ENSG00000085365,17
ENSG00000090520,12
ENSG00000083457,8
ENSG00000085721,15
ENSG00000090530,26
ENSG00000101004,11
ENSG00000083799,7
ENSG00000077809,6
ENSG00000084093,11
ENSG00000067836,6
ENSG00000101276,26
ENSG00000086288,17
ENSG00000074211,10
ENSG00000086504,8
ENSG00000101307,20
ENSG00000086289,17
ENSG00000086570,9
ENSG00000092054,8
ENSG00000101311,15
ENSG00000087301,6
ENSG00000072778,8
ENSG00000101353,31
ENSG00000075275,13
ENSG00000101361,27
ENSG00000074370,7
ENSG00000101445,15
ENSG00000089159,6
ENSG00000083312,9
ENSG00000087470,6
ENSG00000102699,18
ENSG00000080511,6
ENSG00000087586,22
ENSG00000080573,11
ENSG00000075292,11
ENSG00000094963,23
ENSG00000076928,12
ENSG00000102901,13
ENSG00000103024,34
ENSG00000077150,7
ENSG00000085788,8
ENSG00000095596,6
ENSG00000103994,8
ENSG00000104059,35
ENSG00000088256,15
ENSG00000090674,22
ENSG00000099817,13
ENSG00000075413,12
ENSG00000104643,23
ENSG00000075399,14
ENSG00000093000,9
ENSG00000088179,18
ENSG00000104714,35
ENSG00000088298,11
ENSG00000078328,11
ENSG00000099901,9
ENSG00000104827,6
ENSG00000080200,8
ENSG00000099904,27
ENSG00000104972,34
ENSG00000076826,8
ENSG00000092051,7
ENSG00000105146,27
ENSG00000076924,6
ENSG00000087157,7
ENSG00000081052,7
ENSG00000090971,9
ENSG00000105428,19
ENSG00000081479,12
ENSG00000099991,27
ENSG00000076984,6
ENSG00000099994,27
ENSG00000105486,29
ENSG00000099822,16
ENSG00000100014,7
ENSG00000105499,28
ENSG00000099834,14
ENSG00000100154,9
ENSG00000105538,20
ENSG00000089847,9
ENSG00000075391,6
ENSG00000105556,24
ENSG00000092929,6
ENSG00000105609,30
ENSG00000093134,14
ENSG00000100285,7
ENSG00000079313,7
ENSG00000105613,33
ENSG00000092445,10
ENSG00000105639,15
ENSG00000084070,8
ENSG00000080824,17
ENSG00000105808,12
ENSG00000091490,19
ENSG00000090857,6
ENSG00000105877,29
ENSG00000091592,10
ENSG00000077044,6
ENSG00000100079,19
ENSG00000096968,18
ENSG00000100393,11
ENSG00000106009,9
ENSG00000100101,6
ENSG00000099250,19
ENSG00000106078,10
ENSG00000100031,9
ENSG00000080603,8
ENSG00000099769,11
ENSG00000100241,17
ENSG00000100258,11
ENSG00000095777,17
ENSG00000106714,35
ENSG00000100726,16
ENSG00000100253,13
ENSG00000106948,8
ENSG00000087884,12
ENSG00000099864,29
ENSG00000100888,8
ENSG00000107104,13
ENSG00000100422,20
ENSG00000100298,24
ENSG00000095319,8
ENSG00000088247,6
ENSG00000099899,8
ENSG00000107164,7
ENSG00000096433,6
ENSG00000101204,7
ENSG00000101236,8
ENSG00000101246,8
ENSG00000108292,15
ENSG00000099814,9
ENSG00000108395,32
ENSG00000099957,6
ENSG00000108417,23
ENSG00000083828,6
ENSG00000100890,6
ENSG00000108465,20
ENSG00000101096,8
ENSG00000108469,35
ENSG00000084092,7
ENSG00000101162,6
ENSG00000090402,7
ENSG00000084710,6
ENSG00000101605,11
ENSG00000081138,7
ENSG00000101188,27
ENSG00000087995,12
ENSG00000100033,18
ENSG00000101138,21
ENSG00000101986,32
ENSG00000108759,32
ENSG00000101203,7
ENSG00000108852,35
ENSG00000100288,10
ENSG00000102076,10
ENSG00000109061,7
ENSG00000109072,35
ENSG00000087237,9
ENSG00000099917,8
ENSG00000102891,32
ENSG00000087303,20
ENSG00000109265,15
ENSG00000109536,35
ENSG00000110057,32
ENSG00000100065,7
ENSG00000110455,15
ENSG00000103227,28
ENSG00000110841,31
ENSG00000095539,14
ENSG00000102317,9
ENSG00000103248,7
ENSG00000083642,7
ENSG00000110876,19
ENSG00000088038,6
ENSG00000103449,6
ENSG00000100342,24
ENSG00000102755,8
ENSG00000104044,6
ENSG00000111215,10
ENSG00000102904,12
ENSG00000088854,10
ENSG00000099715,14
ENSG00000103034,6
ENSG00000104812,6
ENSG00000086758,6
ENSG00000111642,7
ENSG00000091136,13
ENSG00000104881,6
ENSG00000101150,23
ENSG00000103222,27
ENSG00000104951,17
ENSG00000092421,6
ENSG00000103249,11
ENSG00000103269,8
ENSG00000104974,11
ENSG00000112494,14
ENSG00000103723,6
ENSG00000105251,17
ENSG00000091140,11
ENSG00000112530,17
ENSG00000105278,6
ENSG00000112584,6
ENSG00000105287,34
ENSG00000112679,26
ENSG00000112769,34
ENSG00000112787,33
ENSG00000112877,29
ENSG00000101680,15
ENSG00000113249,25
ENSG00000113504,12
ENSG00000105426,33
ENSG00000113716,35
ENSG00000104897,7
ENSG00000113758,34
ENSG00000104899,6
ENSG00000091262,7
ENSG00000092036,7
ENSG00000099290,9
ENSG00000104885,15
ENSG00000114248,7
ENSG00000104998,6
ENSG00000099331,11
ENSG00000102858,7
ENSG00000114790,33
ENSG00000102890,7
ENSG00000102893,6
ENSG00000105663,11
ENSG00000115268,25
ENSG00000090661,6
ENSG00000115414,16
ENSG00000105699,6
ENSG00000115541,9
ENSG00000093217,11
ENSG00000103197,13
ENSG00000103126,20
ENSG00000115602,18
ENSG00000103194,7
ENSG00000115604,18
ENSG00000095906,6
ENSG00000106246,6
ENSG00000115762,33
ENSG00000106258,6
ENSG00000116014,14
ENSG00000101493,6
ENSG00000116260,9
ENSG00000103335,20
ENSG00000091128,10
ENSG00000103876,17
ENSG00000105501,22
ENSG00000116690,10
ENSG00000100429,6
ENSG00000107331,22
ENSG00000116721,19
ENSG00000107521,19
ENSG00000116977,33
ENSG00000104728,12
ENSG00000117153,9
ENSG00000106100,6
ENSG00000104763,14
ENSG00000117868,31
ENSG00000106178,20
ENSG00000104783,10
ENSG00000101849,8
ENSG00000104529,11
ENSG00000105650,6
ENSG00000108342,23
ENSG00000117983,34
ENSG00000118412,6
ENSG00000104835,15
ENSG00000118705,30
ENSG00000104880,17
ENSG00000108557,11
ENSG00000119227,33
ENSG00000104946,13
ENSG00000103326,6
ENSG00000108773,9
ENSG00000120314,21
ENSG00000102978,6
ENSG00000104938,8
ENSG00000108825,21
ENSG00000120324,28
ENSG00000105136,17
ENSG00000120341,23
ENSG00000107099,14
ENSG00000105143,9
ENSG00000121210,10
ENSG00000107736,10
ENSG00000101474,6
ENSG00000100104,7
ENSG00000105204,18
ENSG00000108298,11
ENSG00000109667,24
ENSG00000121904,12
ENSG00000108405,13
ENSG00000109919,28
ENSG00000122136,34
ENSG00000105483,17
ENSG00000122497,34
ENSG00000122679,10
ENSG00000100228,6
ENSG00000105576,6
ENSG00000110347,21
ENSG00000122824,23
ENSG00000123064,6
ENSG00000123159,10
ENSG00000123384,9
ENSG00000105982,13
ENSG00000123576,26
ENSG00000105983,15
ENSG00000103254,16
ENSG00000110799,10
ENSG00000124006,22
ENSG00000109625,15
ENSG00000106003,6
ENSG00000124140,19
ENSG00000106686,8
ENSG00000104970,10
ENSG00000103363,6
ENSG00000110921,16
ENSG00000124467,21
ENSG00000100461,6
ENSG00000124562,19
ENSG00000106772,10
ENSG00000111581,14
ENSG00000124788,14
ENSG00000106804,14
ENSG00000105618,10
ENSG00000111254,8
ENSG00000102595,13
ENSG00000111676,6
ENSG00000125878,35
ENSG00000105717,10
ENSG00000105289,8
ENSG00000112110,12
ENSG00000126217,28
ENSG00000101190,6
ENSG00000111913,8
ENSG00000126432,26
ENSG00000106012,6
ENSG00000107186,9
ENSG00000110697,23
ENSG00000101310,9
ENSG00000127054,6
ENSG00000112139,7
ENSG00000110711,23
ENSG00000112763,21
ENSG00000127124,11
ENSG00000112200,9
ENSG00000127252,24
ENSG00000103245,17
ENSG00000105245,8
ENSG00000107959,23
ENSG00000103253,17
ENSG00000110844,6
ENSG00000106351,8
ENSG00000112511,7
ENSG00000103426,11
ENSG00000105290,10
ENSG00000113303,13
ENSG00000128250,14
ENSG00000105662,6
ENSG00000128253,17
ENSG00000105655,11
ENSG00000112852,12
ENSG00000113721,8
ENSG00000128276,24
ENSG00000108443,9
ENSG00000113205,13
ENSG00000113763,6
ENSG00000128815,6
ENSG00000107159,12
ENSG00000113212,10
ENSG00000113946,15
ENSG00000129116,18
ENSG00000113262,9
ENSG00000108556,6
ENSG00000129194,7
ENSG00000112159,12
ENSG00000129245,7
ENSG00000129255,8
ENSG00000106290,7
ENSG00000129277,19
ENSG00000114923,33
ENSG00000113810,9
ENSG00000109424,6
ENSG00000115183,26
ENSG00000107798,6
ENSG00000130224,27
ENSG00000130226,8
ENSG00000130307,27
ENSG00000130338,34
ENSG00000100883,8
ENSG00000107815,13
ENSG00000130396,29
ENSG00000107611,16
ENSG00000106571,10
ENSG00000130413,15
ENSG00000105379,9
ENSG00000115687,20
ENSG00000130449,17
ENSG00000102908,8
ENSG00000130540,9
ENSG00000101132,7
ENSG00000130600,19
ENSG00000103978,13
ENSG00000108684,15
ENSG00000116786,8
ENSG00000130702,21
ENSG00000116863,6
ENSG00000130748,13
ENSG00000114026,7
ENSG00000130751,16
ENSG00000116985,15
ENSG00000130768,23
ENSG00000117013,7
ENSG00000115484,29
ENSG00000104133,6
ENSG00000115568,6
ENSG00000117360,24
ENSG00000131389,35
ENSG00000115593,14
ENSG00000108961,14
ENSG00000131435,25
ENSG00000111344,7
ENSG00000131503,25
ENSG00000104499,14
ENSG00000131584,25
ENSG00000115648,7
ENSG00000131941,31
ENSG00000110148,8
ENSG00000100565,7
ENSG00000103266,9
ENSG00000116017,28
ENSG00000119669,8
ENSG00000116032,26
ENSG00000109466,17
ENSG00000120088,6
ENSG00000132740,21
ENSG00000132854,35
ENSG00000116539,11
ENSG00000104884,6
ENSG00000115705,21
ENSG00000120328,18
ENSG00000111186,12
ENSG00000120438,12
ENSG00000132958,13
ENSG00000104892,6
ENSG00000116731,6
ENSG00000113916,10
ENSG00000115896,7
ENSG00000120696,32
ENSG00000133149,32
ENSG00000112592,6
ENSG00000111452,17
ENSG00000133193,20
ENSG00000117151,16
ENSG00000116016,16
ENSG00000120800,11
ENSG00000133246,17
ENSG00000103154,7
ENSG00000120913,23
ENSG00000133454,14
ENSG00000116176,25
ENSG00000121335,19
ENSG00000117600,6
ENSG00000105255,6
ENSG00000133895,11
ENSG00000134160,17
ENSG00000122367,6
ENSG00000134184,23
ENSG00000115266,9
ENSG00000104915,6
ENSG00000134201,25
ENSG00000107281,19
ENSG00000134250,31
ENSG00000112297,6
ENSG00000112541,6
ENSG00000134283,22
ENSG00000123143,7
ENSG00000134463,30
ENSG00000120322,12
ENSG00000134516,14
ENSG00000107593,12
ENSG00000110046,9
ENSG00000124091,6
ENSG00000107404,14
ENSG00000117395,17
ENSG00000124103,6
ENSG00000110060,8
ENSG00000114841,10
ENSG00000124334,16
ENSG00000114859,14
ENSG00000135378,7
ENSG00000135587,21
ENSG00000135596,22
ENSG00000105438,7
ENSG00000124942,6
ENSG00000105464,6
ENSG00000135902,24
ENSG00000116809,6
ENSG00000135976,35
ENSG00000118894,12
ENSG00000125755,6
ENSG00000136383,31
ENSG00000115307,6
ENSG00000122435,32
ENSG00000125844,25
ENSG00000115317,6
ENSG00000114270,15
ENSG00000115318,6
ENSG00000136695,13
ENSG00000119681,10
ENSG00000126464,6
ENSG00000137171,35
ENSG00000126749,34
ENSG00000137204,10
ENSG00000114993,6
ENSG00000118900,7
ENSG00000106367,8
ENSG00000123349,24
ENSG00000106560,8
ENSG00000127022,11
ENSG00000105671,6
ENSG00000137266,32
ENSG00000123360,8
ENSG00000137275,29
ENSG00000119559,9
ENSG00000107937,10
ENSG00000137496,35
ENSG00000124172,6
ENSG00000120162,9
ENSG00000137497,35
ENSG00000110321,7
ENSG00000116205,7
ENSG00000127586,9
ENSG00000137642,35
ENSG00000115607,7
ENSG00000137747,23
ENSG00000109756,10
ENSG00000115840,6
ENSG00000128438,19
ENSG00000137804,17
ENSG00000116675,8
ENSG00000107890,6
ENSG00000107147,10
ENSG00000137841,7
ENSG00000120539,18
ENSG00000137857,29
ENSG00000129968,23
ENSG00000110777,12
ENSG00000124831,7
ENSG00000113643,11
ENSG00000129991,10
ENSG00000138028,35
ENSG00000120889,11
ENSG00000129993,26
ENSG00000108511,9
ENSG00000138030,35
ENSG00000138166,35
ENSG00000125503,27
ENSG00000120952,14
ENSG00000121068,18
ENSG00000138592,29
ENSG00000125731,19
ENSG00000122512,12
ENSG00000125733,18
ENSG00000130529,7
ENSG00000111229,10
ENSG00000122778,6
ENSG00000130640,34
ENSG00000138813,14
ENSG00000130695,34
ENSG00000138834,34
ENSG00000123131,10
ENSG00000139174,23
ENSG00000126216,11
ENSG00000123146,11
ENSG00000122359,6
ENSG00000131042,12
ENSG00000139304,6
ENSG00000111700,6
ENSG00000108840,9
ENSG00000126337,6
ENSG00000131127,12
ENSG00000139737,23
ENSG00000126602,7
ENSG00000139835,35
ENSG00000118322,13
ENSG00000123066,17
ENSG00000112195,6
ENSG00000118492,21
ENSG00000124198,7
ENSG00000118689,7
ENSG00000118579,21
ENSG00000131620,6
ENSG00000131653,8
ENSG00000140905,35
ENSG00000124587,21
ENSG00000141219,20
ENSG00000118997,6
ENSG00000124713,21
ENSG00000132196,25
ENSG00000132199,12
ENSG00000141279,15
ENSG00000125648,21
ENSG00000127616,9
ENSG00000108984,7
ENSG00000120332,16
ENSG00000127948,25
ENSG00000141519,30
ENSG00000120440,22
ENSG00000119285,18
ENSG00000116833,6
ENSG00000133056,32
ENSG00000141959,12
ENSG00000127957,9
ENSG00000120549,15
ENSG00000141994,35
ENSG00000142025,11
ENSG00000128283,19
ENSG00000120899,7
ENSG00000142539,33
ENSG00000128829,7
ENSG00000142627,15
ENSG00000120498,18
ENSG00000121879,10
ENSG00000113645,6
ENSG00000120645,7
ENSG00000142789,26
ENSG00000121410,11
ENSG00000142798,13
ENSG00000126247,17
ENSG00000134247,34
ENSG00000130164,15
ENSG00000122966,7
ENSG00000128159,13
ENSG00000123104,7
ENSG00000124721,8
ENSG00000128165,13
ENSG00000143379,22
ENSG00000130255,10
ENSG00000114251,9
ENSG00000143418,22
ENSG00000115760,6
ENSG00000114268,6
ENSG00000134569,6
ENSG00000143429,10
ENSG00000130311,11
ENSG00000128191,9
ENSG00000134871,34
ENSG00000124126,6
ENSG00000125445,12
ENSG00000134905,8
ENSG00000143450,12
ENSG00000125447,12
ENSG00000135373,8
ENSG00000130402,17
ENSG00000114771,10
ENSG00000130414,27
ENSG00000125457,12
ENSG00000135845,11
ENSG00000144381,10
ENSG00000130595,10
ENSG00000125531,6
ENSG00000129480,11
ENSG00000123989,6
ENSG00000129925,8
ENSG00000136003,33
ENSG00000112659,6
ENSG00000144893,10
ENSG00000125107,8
ENSG00000130635,12
ENSG00000119772,6
ENSG00000136152,23
ENSG00000145002,30
ENSG00000124177,7
ENSG00000145113,35
ENSG00000145191,28
ENSG00000136273,14
ENSG00000145423,8
ENSG00000130714,13
ENSG00000129646,12
ENSG00000136274,23
ENSG00000129910,10
ENSG00000125730,10
ENSG00000130787,29
ENSG00000125966,8
ENSG00000136378,27
ENSG00000145782,33
ENSG00000131165,19
ENSG00000126005,8
ENSG00000136449,6
ENSG00000146067,8
ENSG00000136709,6
ENSG00000146094,7
ENSG00000114331,15
ENSG00000125409,7
ENSG00000125434,14
ENSG00000146143,35
ENSG00000146215,10
ENSG00000130299,14
ENSG00000136878,33
ENSG00000114520,8
ENSG00000127481,8
ENSG00000120820,8
ENSG00000146555,24
ENSG00000113296,8
ENSG00000111696,6
ENSG00000146755,35
ENSG00000127663,6
ENSG00000121270,6
ENSG00000146776,17
ENSG00000127914,14
ENSG00000132382,14
ENSG00000147274,30
ENSG00000132406,23
ENSG00000147724,19
ENSG00000127603,10
ENSG00000131095,12
ENSG00000137414,11
ENSG00000148308,11
ENSG00000128298,12
ENSG00000148408,33
ENSG00000128487,6
ENSG00000122484,10
ENSG00000148814,22
ENSG00000128591,7
ENSG00000148950,12
ENSG00000116852,6
ENSG00000148985,11
ENSG00000128731,17
ENSG00000116885,6
ENSG00000149179,8
ENSG00000116198,13
ENSG00000149182,6
ENSG00000133706,18
ENSG00000128626,15
ENSG00000132005,8
ENSG00000149451,33
ENSG00000123607,8
ENSG00000138376,26
ENSG00000132549,7
ENSG00000138395,8
ENSG00000109452,6
ENSG00000134339,25
ENSG00000132004,6
ENSG00000151067,35
ENSG00000127564,6
ENSG00000132780,7
ENSG00000134627,20
ENSG00000127588,6
ENSG00000124491,9
ENSG00000132470,9
ENSG00000130270,8
ENSG00000130023,11
ENSG00000132846,13
ENSG00000139428,15
ENSG00000151883,20
ENSG00000121289,9
ENSG00000130158,14
ENSG00000139445,12
ENSG00000152439,8
ENSG00000130173,6
ENSG00000133030,8
ENSG00000152591,35
ENSG00000139985,22
ENSG00000152683,7
ENSG00000130589,15
ENSG00000129951,6
ENSG00000116922,6
ENSG00000117461,6
ENSG00000140839,17
ENSG00000153157,30
ENSG00000140853,29
ENSG00000118680,10
ENSG00000123297,6
ENSG00000135837,7
ENSG00000128710,8
ENSG00000130558,6
ENSG00000140859,14
ENSG00000153294,28
ENSG00000130717,7
ENSG00000128713,7
ENSG00000153303,32
ENSG00000135931,27
ENSG00000130175,8
ENSG00000140948,8
ENSG00000153339,11
ENSG00000123485,18
ENSG00000140983,9
ENSG00000153982,11
ENSG00000130749,9
ENSG00000154358,31
ENSG00000120093,14
ENSG00000134452,6
ENSG00000141510,18
ENSG00000154529,30
ENSG00000130856,6
ENSG00000154864,6
ENSG00000120742,8
ENSG00000134760,15
ENSG00000130881,9
ENSG00000131018,20
ENSG00000155366,7
ENSG00000120075,9
ENSG00000155495,18
ENSG00000142173,31
ENSG00000155657,31
ENSG00000131016,6
ENSG00000136682,18
ENSG00000142208,27
ENSG00000155816,34
ENSG00000130511,11
ENSG00000142484,33
ENSG00000119707,6
ENSG00000142513,20
ENSG00000156096,16
ENSG00000156345,20
ENSG00000130294,6
ENSG00000135502,6
ENSG00000142623,7
ENSG00000156675,32
ENSG00000156750,25
ENSG00000131788,9
ENSG00000131697,7
ENSG00000142669,34
ENSG00000156931,21
ENSG00000132024,8
ENSG00000131848,6
ENSG00000120318,6
ENSG00000157106,11
ENSG00000157152,35
ENSG00000132256,7
ENSG00000135862,25
ENSG00000143061,16
ENSG00000157358,23
ENSG00000122965,6
ENSG00000132326,7
ENSG00000137821,9
ENSG00000132361,12
ENSG00000136699,11
ENSG00000143226,12
ENSG00000129518,13
ENSG00000136758,19
ENSG00000136048,11
ENSG00000158483,11
ENSG00000125522,8
ENSG00000160117,27
ENSG00000138069,13
ENSG00000114346,9
ENSG00000160190,32
ENSG00000143702,11
ENSG00000138468,13
ENSG00000160223,29
ENSG00000132849,7
ENSG00000144791,30
ENSG00000138617,9
ENSG00000160299,14
ENSG00000160321,24
ENSG00000116704,7
ENSG00000136487,24
ENSG00000145216,8
ENSG00000160447,9
ENSG00000139372,16
ENSG00000137713,9
ENSG00000160957,15
ENSG00000134070,9
ENSG00000160959,9
ENSG00000161681,8
ENSG00000123453,8
ENSG00000140009,9
ENSG00000162104,6
ENSG00000133835,8
ENSG00000132938,6
ENSG00000127419,6
ENSG00000162542,26
ENSG00000133256,7
ENSG00000147234,25
ENSG00000162825,26
ENSG00000138814,26
ENSG00000162961,6
ENSG00000163046,21
ENSG00000141458,7
ENSG00000148082,11
ENSG00000163060,16
ENSG00000139620,16
ENSG00000163207,26
ENSG00000130950,6
ENSG00000139637,23
ENSG00000137877,10
ENSG00000141979,10
ENSG00000137936,6
ENSG00000163359,22
ENSG00000148358,25
ENSG00000163386,34
ENSG00000142347,10
ENSG00000163395,35
ENSG00000128513,15
ENSG00000142449,12
ENSG00000133142,6
ENSG00000125826,7
ENSG00000163462,12
ENSG00000135549,21
ENSG00000138162,11
ENSG00000128563,8
ENSG00000149091,14
ENSG00000163606,26
ENSG00000131634,9
ENSG00000138297,19
ENSG00000149480,21
ENSG00000163885,24
ENSG00000149499,21
ENSG00000141161,6
ENSG00000163982,35
ENSG00000164062,35
ENSG00000164068,35
ENSG00000136811,9
ENSG00000138759,10
ENSG00000164199,8
ENSG00000129351,6
ENSG00000136830,6
ENSG00000143156,11
ENSG00000135372,10
ENSG00000164252,10
ENSG00000115306,7
ENSG00000136848,6
ENSG00000151276,8
ENSG00000164296,29
ENSG00000151366,8
ENSG00000143603,7
ENSG00000164363,25
ENSG00000151693,7
ENSG00000164393,28
ENSG00000132681,11
ENSG00000139131,7
ENSG00000151779,7
ENSG00000137135,12
ENSG00000142002,7
ENSG00000164796,9
ENSG00000118961,6
ENSG00000152082,27
ENSG00000164828,31
ENSG00000144455,20
ENSG00000142102,18
ENSG00000152086,27
ENSG00000165124,21
ENSG00000137177,10
ENSG00000142156,27
ENSG00000165269,35
ENSG00000144504,7
ENSG00000135447,7
ENSG00000129003,6
ENSG00000129083,9
ENSG00000142186,6
ENSG00000165643,35
ENSG00000135723,8
ENSG00000129084,9
ENSG00000137411,7
ENSG00000152910,25
ENSG00000127580,7
ENSG00000133401,6
ENSG00000153107,31
ENSG00000165752,21
ENSG00000129484,9
ENSG00000136856,7
ENSG00000165810,11
ENSG00000165837,34
ENSG00000165959,10
ENSG00000145736,24
ENSG00000137210,11
ENSG00000153404,17
ENSG00000146090,8
ENSG00000136731,6
ENSG00000130997,9
ENSG00000141527,20
ENSG00000141556,13
ENSG00000166377,23
ENSG00000166473,35
ENSG00000131374,6
ENSG00000143554,19
ENSG00000129437,8
ENSG00000137074,13
ENSG00000143624,20
ENSG00000166823,11
ENSG00000155984,8
ENSG00000166896,8
ENSG00000143977,19
ENSG00000142303,8
ENSG00000156475,6
ENSG00000166948,21
ENSG00000156508,16
ENSG00000166984,13
ENSG00000135226,11
ENSG00000167210,8
ENSG00000146904,7
ENSG00000144118,19
ENSG00000167306,31
ENSG00000130653,8
ENSG00000167346,23
ENSG00000142611,6
ENSG00000167355,34
ENSG00000147459,6
ENSG00000148357,13
ENSG00000167468,10
ENSG00000144645,10
ENSG00000143341,6
ENSG00000138378,7
ENSG00000143382,6
ENSG00000158055,24
ENSG00000167615,9
ENSG00000158062,34
ENSG00000167670,19
ENSG00000140836,12
ENSG00000148773,8
ENSG00000130816,7
ENSG00000136068,8
ENSG00000144749,7
ENSG00000167671,16
ENSG00000167674,30
ENSG00000158683,13
ENSG00000167676,35
ENSG00000144395,10
ENSG00000167693,20
ENSG00000158769,24
ENSG00000167700,14
ENSG00000149115,11
ENSG00000144619,6
ENSG00000167701,8
ENSG00000158863,33
ENSG00000133789,10
ENSG00000145451,8
ENSG00000158941,25
ENSG00000167766,9
ENSG00000140400,22
ENSG00000159140,30
ENSG00000167768,25
ENSG00000140443,9
ENSG00000159307,6
ENSG00000167780,9
ENSG00000149527,9
ENSG00000140575,7
ENSG00000146083,23
ENSG00000138892,7
ENSG00000167920,21
ENSG00000141579,6
ENSG00000146540,12
ENSG00000167962,27
ENSG00000159788,18
ENSG00000167978,12
ENSG00000141002,13
ENSG00000146216,6
ENSG00000151914,11
ENSG00000139641,7
ENSG00000168067,13
ENSG00000139687,14
ENSG00000152192,6
ENSG00000147813,19
ENSG00000168300,35
ENSG00000141503,8
ENSG00000121858,6
ENSG00000139865,8
ENSG00000147059,16
ENSG00000160285,25
ENSG00000168614,35
ENSG00000123636,7
ENSG00000152969,17
ENSG00000141564,6
ENSG00000148384,15
ENSG00000168658,14
ENSG00000168765,35
ENSG00000148513,20
ENSG00000160602,6
ENSG00000168787,19
ENSG00000169062,32
ENSG00000169313,7
ENSG00000135253,9
ENSG00000153902,23
ENSG00000160796,9
ENSG00000169548,35
ENSG00000143164,13
ENSG00000160844,22
ENSG00000153976,6
ENSG00000138002,8
ENSG00000169876,16
ENSG00000148356,7
ENSG00000160951,11
ENSG00000169894,35
ENSG00000140873,6
ENSG00000142609,25
ENSG00000132535,8
ENSG00000161036,7
ENSG00000170085,9
ENSG00000155087,22
ENSG00000151651,17
ENSG00000148484,13
ENSG00000161544,24
ENSG00000170100,25
ENSG00000155093,6
ENSG00000161618,30
ENSG00000170421,15
ENSG00000143520,7
ENSG00000155269,15
ENSG00000138336,8
ENSG00000170445,21
ENSG00000130475,10
ENSG00000161896,23
ENSG00000143631,16
ENSG00000170465,24
ENSG00000142599,6
ENSG00000161944,20
ENSG00000170477,29
ENSG00000149311,6
ENSG00000161996,9
ENSG00000170523,25
ENSG00000162006,8
ENSG00000156011,29
ENSG00000153165,10
ENSG00000144152,6
ENSG00000138709,15
ENSG00000153201,7
ENSG00000170776,9
ENSG00000144199,18
ENSG00000134278,6
ENSG00000156232,7
ENSG00000143515,13
ENSG00000162341,11
ENSG00000144285,7
ENSG00000151846,7
ENSG00000170835,24
ENSG00000170889,34
ENSG00000143595,11
ENSG00000139182,6
ENSG00000162571,8
ENSG00000170927,17
ENSG00000144724,8
ENSG00000154237,18
ENSG00000156876,32
ENSG00000143921,8
ENSG00000154309,16
ENSG00000133392,8
ENSG00000171234,30
ENSG00000156885,14
ENSG00000162645,19
ENSG00000171368,27
ENSG00000156886,17
ENSG00000144230,11
ENSG00000171456,6
ENSG00000171467,13
ENSG00000154511,19
ENSG00000162733,25
ENSG00000171495,16
ENSG00000144554,22
ENSG00000153002,16
ENSG00000154783,6
ENSG00000157557,6
ENSG00000171574,20
ENSG00000157617,6
ENSG00000163239,16
ENSG00000133710,7
ENSG00000157766,12
ENSG00000155465,9
ENSG00000134146,7
ENSG00000171847,7
ENSG00000163554,9
ENSG00000171853,15
ENSG00000163645,14
ENSG00000171872,31
ENSG00000154229,18
ENSG00000171984,12
ENSG00000146285,7
ENSG00000145362,8
ENSG00000154262,6
ENSG00000172009,7
ENSG00000146426,13
ENSG00000143632,14
ENSG00000172081,14
ENSG00000136011,10
ENSG00000172199,34
ENSG00000172201,11
ENSG00000136267,15
ENSG00000172236,29
ENSG00000159239,6
ENSG00000164535,7
ENSG00000131037,6
ENSG00000145919,11
ENSG00000145494,18
ENSG00000164880,34
ENSG00000172362,11
ENSG00000146828,7
ENSG00000159337,7
ENSG00000172638,33
ENSG00000165140,12
ENSG00000172732,33
ENSG00000145743,12
ENSG00000172757,33
ENSG00000165487,13
ENSG00000135740,6
ENSG00000172782,35
ENSG00000157335,17
ENSG00000165632,31
ENSG00000172867,13
ENSG00000156299,9
ENSG00000135749,7
ENSG00000172969,28
ENSG00000147649,6
ENSG00000160209,12
ENSG00000146205,10
ENSG00000173113,26
ENSG00000173153,26
ENSG00000173157,6
ENSG00000173193,9
ENSG00000160336,6
ENSG00000156983,6
ENSG00000173230,34
ENSG00000160633,12
ENSG00000141837,18
ENSG00000173531,35
ENSG00000173638,29
ENSG00000166682,28
ENSG00000173699,24
ENSG00000141985,8
ENSG00000173715,31
ENSG00000148824,7
ENSG00000136270,6
ENSG00000173821,10
ENSG00000136250,8
ENSG00000148843,10
ENSG00000173898,6
ENSG00000166963,13
ENSG00000173950,17
ENSG00000174236,29
ENSG00000162040,25
ENSG00000174282,34
ENSG00000150457,13
ENSG00000174358,24
ENSG00000146839,11
ENSG00000159123,19
ENSG00000167393,29
ENSG00000174442,8
ENSG00000159131,16
ENSG00000174444,6
ENSG00000159147,28
ENSG00000167646,11
ENSG00000174450,34
ENSG00000159212,9
ENSG00000174501,34
ENSG00000162654,12
ENSG00000140090,6
ENSG00000159733,21
ENSG00000174775,22
ENSG00000138172,6
ENSG00000147576,6
ENSG00000174885,34
ENSG00000150527,14
ENSG00000163050,28
ENSG00000160202,18
ENSG00000174914,35
ENSG00000140553,6
ENSG00000143365,19
ENSG00000159917,9
ENSG00000137474,10
ENSG00000167747,20
ENSG00000150893,12
ENSG00000152520,9
ENSG00000175029,7
ENSG00000163354,10
ENSG00000135205,6
ENSG00000160145,7
ENSG00000168028,25
ENSG00000175115,6
ENSG00000149262,13
ENSG00000160460,8
ENSG00000175164,35
ENSG00000160695,14
ENSG00000168291,21
ENSG00000175166,10
ENSG00000140986,8
ENSG00000160828,11
ENSG00000168297,21
ENSG00000175265,32
ENSG00000163535,25
ENSG00000153208,23
ENSG00000175718,27
ENSG00000168454,19
ENSG00000175894,35
ENSG00000160948,6
ENSG00000175946,32
ENSG00000153684,13
ENSG00000149927,6
ENSG00000160949,8
ENSG00000160392,6
ENSG00000168702,8
ENSG00000176014,32
ENSG00000141736,6
ENSG00000160973,6
ENSG00000176092,34
ENSG00000168772,15
ENSG00000137802,8
ENSG00000176476,7
ENSG00000163945,19
ENSG00000154025,7
ENSG00000176715,20
ENSG00000161281,17
ENSG00000176728,35
ENSG00000164037,9
ENSG00000161328,7
ENSG00000176945,34
ENSG00000164061,7
ENSG00000150753,16
ENSG00000161509,30
ENSG00000177030,23
ENSG00000169258,23
ENSG00000177084,14
ENSG00000142089,6
ENSG00000150938,6
ENSG00000161583,13
ENSG00000161040,8
ENSG00000177103,8
ENSG00000169676,22
ENSG00000138311,6
ENSG00000177201,16
ENSG00000138658,11
ENSG00000169683,7
ENSG00000177212,35
ENSG00000151150,17
ENSG00000162032,12
ENSG00000169689,8
ENSG00000177225,28
ENSG00000177338,24
ENSG00000169710,8
ENSG00000177354,6
ENSG00000154175,10
ENSG00000177706,35
ENSG00000150990,16
ENSG00000155918,21
ENSG00000162592,8
ENSG00000177710,23
ENSG00000151876,9
ENSG00000170390,31
ENSG00000177839,27
ENSG00000164741,33
ENSG00000177879,33
ENSG00000164751,19
ENSG00000156304,6
ENSG00000177947,29
ENSG00000170515,10
ENSG00000177951,29
ENSG00000178104,35
ENSG00000162804,7
ENSG00000178372,21
ENSG00000151778,12
ENSG00000178586,16
ENSG00000165325,12
ENSG00000178772,17
ENSG00000165409,7
ENSG00000152117,7
ENSG00000171102,18
ENSG00000178882,10
ENSG00000178928,18
ENSG00000171129,6
ENSG00000152894,6
ENSG00000140323,7
ENSG00000171132,6
ENSG00000179172,16
ENSG00000171195,9
ENSG00000179344,31
ENSG00000165948,19
ENSG00000153707,11
ENSG00000163481,20
ENSG00000165949,19
ENSG00000179855,28
ENSG00000141744,7
ENSG00000179915,6
ENSG00000157637,8
ENSG00000147485,10
ENSG00000171444,23
ENSG00000179979,30
ENSG00000157703,22
ENSG00000180370,24
ENSG00000166667,16
ENSG00000180422,16
ENSG00000141971,6
ENSG00000180822,33
ENSG00000157423,23
ENSG00000180884,26
ENSG00000163482,20
ENSG00000180900,12
ENSG00000163531,20
ENSG00000180921,12
ENSG00000143850,13
ENSG00000166845,19
ENSG00000181085,15
ENSG00000158109,6
ENSG00000148606,6
ENSG00000163563,8
ENSG00000141696,7
ENSG00000171798,25
ENSG00000181143,35
ENSG00000171824,13
ENSG00000142233,8
ENSG00000181220,22
ENSG00000171843,6
ENSG00000181222,34
ENSG00000167165,8
ENSG00000164256,7
ENSG00000181381,17
ENSG00000171988,30
ENSG00000181761,6
ENSG00000159289,7
ENSG00000182264,20
ENSG00000143093,7
ENSG00000164484,6
ENSG00000167476,6
ENSG00000159860,12
ENSG00000164649,6
ENSG00000160111,15
ENSG00000149929,6
ENSG00000143252,6
ENSG00000167601,24
ENSG00000149930,6
ENSG00000182578,34
ENSG00000167608,6
ENSG00000182871,31
ENSG00000167634,6
ENSG00000172890,32
ENSG00000143126,8
ENSG00000183020,34
ENSG00000144821,10
ENSG00000160200,7
ENSG00000167637,16
ENSG00000183103,10
ENSG00000142185,7
ENSG00000160282,8
ENSG00000173137,21
ENSG00000183148,15
ENSG00000183246,29
ENSG00000173175,7
ENSG00000183248,28
ENSG00000164889,8
ENSG00000183258,6
ENSG00000160654,7
ENSG00000167880,13
ENSG00000183638,32
ENSG00000173566,33
ENSG00000183971,25
ENSG00000167930,7
ENSG00000157827,9
ENSG00000184185,35
ENSG00000160963,13
ENSG00000167972,7
ENSG00000161091,14
ENSG00000167995,6
ENSG00000158481,6
ENSG00000164742,16
ENSG00000161270,6
ENSG00000173876,31
ENSG00000184428,30
ENSG00000166183,15
ENSG00000184465,7
ENSG00000144668,15
ENSG00000184698,34
ENSG00000164871,19
ENSG00000184730,19
ENSG00000184825,27
ENSG00000184906,24
ENSG00000168477,20
ENSG00000184908,35
ENSG00000165323,12
ENSG00000184937,20
ENSG00000166508,7
ENSG00000184956,34
ENSG00000165568,13
ENSG00000145147,8
ENSG00000159069,7
ENSG00000185000,11
ENSG00000143552,6
ENSG00000185008,28
ENSG00000168779,13
ENSG00000185038,19
ENSG00000175147,25
ENSG00000159915,7
ENSG00000185101,34
ENSG00000185122,10
ENSG00000168958,18
ENSG00000167131,11
ENSG00000175514,20
ENSG00000162572,22
ENSG00000175544,20
ENSG00000162688,6
ENSG00000166157,13
ENSG00000175785,17
ENSG00000167280,11
ENSG00000166164,6
ENSG00000185275,35
ENSG00000166313,8
ENSG00000185304,20
ENSG00000185372,12
ENSG00000169220,18
ENSG00000185385,18
ENSG00000169241,7
ENSG00000144406,6
ENSG00000185479,22
ENSG00000163041,12
ENSG00000185519,32
ENSG00000169598,20
ENSG00000176884,7
ENSG00000144895,8
ENSG00000185567,32
ENSG00000185619,34
ENSG00000163209,14
ENSG00000167702,7
ENSG00000167077,6
ENSG00000185651,30
ENSG00000160883,9
ENSG00000139610,6
ENSG00000185842,35
ENSG00000177151,34
ENSG00000169946,19
ENSG00000167771,26
ENSG00000167216,9
ENSG00000185940,33
ENSG00000150672,7
ENSG00000156639,6
ENSG00000146926,19
ENSG00000185958,31
ENSG00000170092,16
ENSG00000161021,6
ENSG00000177239,25
ENSG00000151240,8
ENSG00000170312,33
ENSG00000168056,6
ENSG00000177380,7
ENSG00000186081,24
ENSG00000163486,9
ENSG00000162390,9
ENSG00000168255,10
ENSG00000177462,15
ENSG00000186090,9
ENSG00000145040,6
ENSG00000168268,7
ENSG00000186160,21
ENSG00000151789,13
ENSG00000163520,6
ENSG00000186395,12
ENSG00000170832,7
ENSG00000157765,9
ENSG00000167664,15
ENSG00000186466,28
ENSG00000148377,9
ENSG00000186487,22
ENSG00000171045,10
ENSG00000186715,15
ENSG00000152229,12
ENSG00000186847,29
ENSG00000186866,15
ENSG00000159166,7
ENSG00000168615,24
ENSG00000187172,35
ENSG00000168646,6
ENSG00000187527,26
ENSG00000162073,6
ENSG00000187609,25
ENSG00000178209,21
ENSG00000187634,12
ENSG00000187720,22
ENSG00000164307,7
ENSG00000187773,25
ENSG00000187848,12
ENSG00000163357,11
ENSG00000160218,6
ENSG00000187905,33
ENSG00000187908,34
ENSG00000188069,16
ENSG00000150760,6
ENSG00000188076,29
ENSG00000163092,8
ENSG00000160305,8
ENSG00000179467,6
ENSG00000188095,15
ENSG00000179477,29
ENSG00000138738,9
ENSG00000188155,35
ENSG00000165055,14
ENSG00000179588,33
ENSG00000188279,26
ENSG00000160439,9
ENSG00000164855,17
ENSG00000172554,13
ENSG00000179776,19
ENSG00000168491,18
ENSG00000179826,6
ENSG00000188603,19
ENSG00000165480,11
ENSG00000179869,11
ENSG00000165548,6
ENSG00000188760,19
ENSG00000188822,29
ENSG00000172785,26
ENSG00000170419,9
ENSG00000188827,11
ENSG00000150275,6
ENSG00000188883,12
ENSG00000165238,9
ENSG00000188897,28
ENSG00000173163,29
ENSG00000163812,12
ENSG00000162004,17
ENSG00000188976,34
ENSG00000143110,7
ENSG00000169154,6
ENSG00000189042,17
ENSG00000165458,6
ENSG00000173210,25
ENSG00000170667,14
ENSG00000169231,14
ENSG00000189052,15
ENSG00000181523,21
ENSG00000170743,9
ENSG00000150316,8
ENSG00000189108,32
ENSG00000139629,6
ENSG00000181790,29
ENSG00000189292,19
ENSG00000156313,9
ENSG00000173546,13
ENSG00000182095,14
ENSG00000182187,7
ENSG00000196126,35
ENSG00000162714,8
ENSG00000171219,6
ENSG00000182319,19
ENSG00000196218,16
ENSG00000182330,9
ENSG00000196364,20
ENSG00000182446,6
ENSG00000196417,28
ENSG00000196436,20
ENSG00000182634,13
ENSG00000196440,30
ENSG00000170442,18
ENSG00000182670,30
ENSG00000182853,33
ENSG00000196507,29
ENSG00000171603,8
ENSG00000153093,9
ENSG00000182870,30
ENSG00000196531,29
ENSG00000171608,8
ENSG00000170525,6
ENSG00000196557,32
ENSG00000157764,12
ENSG00000174469,25
ENSG00000170581,6
ENSG00000196565,35
ENSG00000157881,6
ENSG00000183091,15
ENSG00000183207,9
ENSG00000196604,22
ENSG00000167613,6
ENSG00000196622,17
ENSG00000155463,7
ENSG00000196648,15
ENSG00000138119,6
ENSG00000196739,14
ENSG00000147535,7
ENSG00000153498,12
ENSG00000183378,12
ENSG00000196767,34
ENSG00000196862,27
ENSG00000174891,13
ENSG00000196912,31
ENSG00000183495,18
ENSG00000196934,29
ENSG00000167483,9
ENSG00000174917,10
ENSG00000163751,7
ENSG00000196944,20
ENSG00000158805,15
ENSG00000167618,7
ENSG00000175054,17
ENSG00000196961,9
ENSG00000183706,21
ENSG00000197043,29
ENSG00000163995,18
ENSG00000172014,24
ENSG00000197106,23
ENSG00000183733,18
ENSG00000197165,7
ENSG00000159082,14
ENSG00000183751,7
ENSG00000197177,28
ENSG00000197272,19
ENSG00000197616,8
ENSG00000197724,33
ENSG00000175820,6
ENSG00000167548,6
ENSG00000197774,6
ENSG00000175866,26
ENSG00000183914,8
ENSG00000197879,15
ENSG00000157322,11
ENSG00000197903,28
ENSG00000166750,6
ENSG00000184347,8
ENSG00000197915,33
ENSG00000166762,11
ENSG00000184384,10
ENSG00000198053,23
ENSG00000167642,15
ENSG00000198106,33
ENSG00000176155,29
ENSG00000184497,32
ENSG00000158125,9
ENSG00000198216,7
ENSG00000176239,6
ENSG00000198246,34
ENSG00000160298,7
ENSG00000176531,9
ENSG00000168594,16
ENSG00000198271,23
ENSG00000184922,33
ENSG00000198443,35
ENSG00000176681,15
ENSG00000167281,6
ENSG00000198453,15
ENSG00000198488,9
ENSG00000173678,12
ENSG00000198502,33
ENSG00000198626,13
ENSG00000185203,14
ENSG00000198691,10
ENSG00000169021,7
ENSG00000198788,35
ENSG00000173327,8
ENSG00000185298,6
ENSG00000158486,10
ENSG00000169131,6
ENSG00000167971,7
ENSG00000198858,16
ENSG00000159267,7
ENSG00000169242,6
ENSG00000159398,7
ENSG00000185448,19
ENSG00000199574,6
ENSG00000169282,9
ENSG00000185507,15
ENSG00000169375,20
ENSG00000144357,6
ENSG00000199702,32
ENSG00000166104,12
ENSG00000185527,6
ENSG00000199876,17
ENSG00000169629,13
ENSG00000168394,6
ENSG00000200057,29
ENSG00000177728,17
ENSG00000169994,16
ENSG00000200790,29
ENSG00000200829,24
ENSG00000185933,18
ENSG00000201273,20
ENSG00000160161,7
ENSG00000170180,24
ENSG00000202025,9
ENSG00000202474,35
ENSG00000202529,6
ENSG00000169696,22
ENSG00000175221,6
ENSG00000186117,8
ENSG00000203335,7
ENSG00000178430,7
ENSG00000186226,10
ENSG00000169045,7
ENSG00000203690,17
ENSG00000175344,17
ENSG00000163072,15
ENSG00000178773,22
ENSG00000186399,17
ENSG00000203832,35
ENSG00000170160,6
ENSG00000186523,32
ENSG00000203837,35
ENSG00000186529,32
ENSG00000203987,32
ENSG00000179085,7
ENSG00000204044,20
ENSG00000169592,9
ENSG00000159753,6
ENSG00000204084,11
ENSG00000169604,11
ENSG00000204099,33
ENSG00000163219,10
ENSG00000167633,6
ENSG00000204175,35
ENSG00000186777,8
ENSG00000179361,6
ENSG00000186818,16
ENSG00000204256,10
ENSG00000204301,22
ENSG00000204323,15
ENSG00000170122,16
ENSG00000187017,18
ENSG00000204392,30
ENSG00000171105,8
ENSG00000179889,19
ENSG00000170379,7
ENSG00000204394,30
ENSG00000172139,11
ENSG00000160271,10
ENSG00000187185,14
ENSG00000204396,7
ENSG00000176294,12
ENSG00000187372,18
ENSG00000204410,6
ENSG00000160323,6
ENSG00000172379,16
ENSG00000175497,25
ENSG00000187624,17
ENSG00000161395,6
ENSG00000204480,25
ENSG00000163491,6
ENSG00000172572,7
ENSG00000204481,25
ENSG00000180855,17
ENSG00000187889,29
ENSG00000204495,25
ENSG00000176783,12
ENSG00000204501,23
ENSG00000162063,15
ENSG00000204502,28
ENSG00000204520,12
ENSG00000204525,29
ENSG00000171811,10
ENSG00000204536,29
ENSG00000163702,6
ENSG00000177058,16
ENSG00000204538,14
ENSG00000181518,12
ENSG00000169962,14
ENSG00000204540,17
ENSG00000161999,7
ENSG00000204577,32
ENSG00000188388,11
ENSG00000204610,6
ENSG00000182087,25
ENSG00000170178,7
ENSG00000162391,6
ENSG00000204616,33
ENSG00000177302,6
ENSG00000204642,34
ENSG00000204839,29
ENSG00000173273,8
ENSG00000171402,12
ENSG00000176510,10
ENSG00000162591,7
ENSG00000204842,7
ENSG00000182348,15
ENSG00000171421,18
ENSG00000189023,15
ENSG00000204880,17
ENSG00000204889,14
ENSG00000204918,15
ENSG00000162753,15
ENSG00000189164,12
ENSG00000204919,17
ENSG00000176879,10
ENSG00000204956,20
ENSG00000189298,15
ENSG00000204961,28
ENSG00000189337,28
ENSG00000204962,35
ENSG00000174231,6
ENSG00000189339,34
ENSG00000162851,9
ENSG00000204963,35
ENSG00000189350,11
ENSG00000161849,7
ENSG00000204965,35
ENSG00000183018,11
ENSG00000170921,6
ENSG00000196071,21
ENSG00000204967,35
ENSG00000196109,29
ENSG00000204969,35
ENSG00000179094,7
ENSG00000204970,35
ENSG00000183117,15
ENSG00000196156,23
ENSG00000177359,14
ENSG00000196337,21
ENSG00000205236,13
ENSG00000174672,7
ENSG00000179397,9
ENSG00000205277,35
ENSG00000177542,24
ENSG00000157601,8
ENSG00000165115,13
ENSG00000177595,24
ENSG00000179412,7
ENSG00000205592,35
ENSG00000205642,11
ENSG00000205822,20
ENSG00000179954,11
ENSG00000205853,24
ENSG00000205929,24
ENSG00000180081,9
ENSG00000205930,24
ENSG00000172915,8
ENSG00000163644,6
ENSG00000206145,33
ENSG00000196550,21
ENSG00000206337,12
ENSG00000175634,6
ENSG00000206503,32
ENSG00000163781,12
ENSG00000184492,15
ENSG00000177943,7
ENSG00000206979,30
ENSG00000172270,8
ENSG00000159433,7
ENSG00000163939,8
ENSG00000196663,7
ENSG00000173272,13
ENSG00000180987,14
ENSG00000196700,27
ENSG00000207947,21
ENSG00000174093,13
ENSG00000166387,6
ENSG00000172482,12
ENSG00000196735,28
ENSG00000211619,6
ENSG00000211650,28
ENSG00000196782,15
ENSG00000211651,28
ENSG00000184999,9
ENSG00000181240,21
ENSG00000164122,7
ENSG00000211713,18
ENSG00000181404,18
ENSG00000196876,32
ENSG00000211714,28
ENSG00000185024,7
ENSG00000152767,6
ENSG00000211715,28
ENSG00000196936,19
ENSG00000211716,24
ENSG00000178950,6
ENSG00000211727,35
ENSG00000185164,15
ENSG00000211731,32
ENSG00000211745,27
ENSG00000176920,17
ENSG00000211764,35
ENSG00000179832,13
ENSG00000182109,13
ENSG00000197213,17
ENSG00000211765,35
ENSG00000174938,9
ENSG00000211766,35
ENSG00000174939,6
ENSG00000211767,35
ENSG00000167232,13
ENSG00000182240,8
ENSG00000211768,35
ENSG00000211769,35
ENSG00000197701,14
ENSG00000211770,35
ENSG00000182326,7
ENSG00000211771,35
ENSG00000180155,13
ENSG00000182329,9
ENSG00000197818,26
ENSG00000211772,35
ENSG00000180228,22
ENSG00000182472,15
ENSG00000197870,33
ENSG00000211947,23
ENSG00000177303,12
ENSG00000197893,10
ENSG00000211964,22
ENSG00000167614,6
ENSG00000185565,6
ENSG00000180448,11
ENSG00000182583,20
ENSG00000211972,13
ENSG00000197959,10
ENSG00000163803,6
ENSG00000212123,35
ENSG00000212127,9
ENSG00000198040,11
ENSG00000163820,6
ENSG00000185658,22
ENSG00000212441,8
ENSG00000198077,19
ENSG00000212498,27
ENSG00000198089,6
ENSG00000212807,26
ENSG00000213030,15
ENSG00000165390,16
ENSG00000185829,16
ENSG00000183305,9
ENSG00000198155,7
ENSG00000183310,8
ENSG00000213214,26
ENSG00000185864,9
ENSG00000213366,25
ENSG00000198250,10
ENSG00000183527,11
ENSG00000198346,20
ENSG00000213523,25
ENSG00000178150,18
ENSG00000183682,13
ENSG00000186136,28
ENSG00000176485,21
ENSG00000213931,34
ENSG00000176540,7
ENSG00000183791,7
ENSG00000214534,29
ENSG00000186470,6
ENSG00000181409,23
ENSG00000198838,12
ENSG00000214753,6
ENSG00000198848,22
ENSG00000214892,22
ENSG00000178605,18
ENSG00000214897,7
ENSG00000184110,13
ENSG00000214922,34
ENSG00000184156,6
ENSG00000214978,22
ENSG00000175003,9
ENSG00000215182,35
ENSG00000186684,26
ENSG00000177106,15
ENSG00000215252,29
ENSG00000172869,16
ENSG00000184324,9
ENSG00000199480,22
ENSG00000215256,6
ENSG00000215274,9
ENSG00000179242,9
ENSG00000182841,8
ENSG00000215405,21
ENSG00000182858,12
ENSG00000166535,6
ENSG00000202363,25
ENSG00000167094,13
ENSG00000215432,32
ENSG00000187272,8
ENSG00000184750,9
ENSG00000215455,32
ENSG00000169246,10
ENSG00000177504,9
ENSG00000203268,26
ENSG00000215853,12
ENSG00000183486,14
ENSG00000184911,19
ENSG00000219926,32
ENSG00000180043,7
ENSG00000183569,7
ENSG00000203814,6
ENSG00000221062,27
ENSG00000221065,23
ENSG00000221116,27
ENSG00000203900,6
ENSG00000221266,12
ENSG00000184164,12
ENSG00000187726,8
ENSG00000221826,28
ENSG00000180777,6
ENSG00000204150,21
ENSG00000221859,21
ENSG00000221864,34
ENSG00000187791,15
ENSG00000204209,21
ENSG00000221866,7
ENSG00000204237,6
ENSG00000221961,16
ENSG00000221970,35
ENSG00000204371,8
ENSG00000221989,22
ENSG00000185499,10
ENSG00000204385,8
ENSG00000178287,17
ENSG00000222036,13
ENSG00000181163,17
ENSG00000204469,8
ENSG00000222248,28
ENSG00000181192,11
ENSG00000178814,8
ENSG00000204485,9
ENSG00000222352,29
ENSG00000223443,33
ENSG00000176919,7
ENSG00000223491,31
ENSG00000188219,10
ENSG00000204532,16
ENSG00000223534,28
ENSG00000204572,18
ENSG00000167881,14
ENSG00000188372,13
ENSG00000174953,15
ENSG00000184967,15
ENSG00000223837,8
ENSG00000170759,7
ENSG00000204580,7
ENSG00000223985,23
ENSG00000224425,33
ENSG00000188580,10
ENSG00000224659,8
ENSG00000186146,9
ENSG00000204632,14
ENSG00000224730,31
ENSG00000165730,6
ENSG00000185130,7
ENSG00000186193,19
ENSG00000225083,35
ENSG00000185163,15
ENSG00000177465,10
ENSG00000186275,20
ENSG00000225241,26
ENSG00000185201,6
ENSG00000189077,25
ENSG00000204828,20
ENSG00000168397,6
ENSG00000225465,16
ENSG00000225506,23
ENSG00000189144,9
ENSG00000225516,26
ENSG00000180376,6
ENSG00000185345,8
ENSG00000186510,25
ENSG00000225864,34
ENSG00000182896,11
ENSG00000175920,8
ENSG00000225899,34
ENSG00000225946,35
ENSG00000178127,11
ENSG00000226430,33
ENSG00000186716,7
ENSG00000226572,27
ENSG00000196132,8
ENSG00000183054,21
ENSG00000185615,20
ENSG00000186787,16
ENSG00000226644,25
ENSG00000167680,6
ENSG00000226786,11
ENSG00000196196,21
ENSG00000204983,23
ENSG00000226900,35
ENSG00000196214,11
ENSG00000178921,6
ENSG00000205018,25
ENSG00000227050,23
ENSG00000172493,8
ENSG00000185739,14
ENSG00000205030,9
ENSG00000227091,23
ENSG00000205086,11
ENSG00000227124,21
ENSG00000227151,16
ENSG00000182004,13
ENSG00000205356,8
ENSG00000227184,33
ENSG00000172752,15
ENSG00000205436,13
ENSG00000227208,24
ENSG00000196498,21
ENSG00000187260,18
ENSG00000205445,31
ENSG00000205581,8
ENSG00000227766,32
ENSG00000196539,10
ENSG00000187600,11
ENSG00000183629,13
ENSG00000228273,35
ENSG00000187627,8
ENSG00000205611,9
ENSG00000196588,7
ENSG00000205683,7
ENSG00000183747,12
ENSG00000205810,26
ENSG00000228336,34
ENSG00000187775,26
ENSG00000228522,28
ENSG00000205867,18
ENSG00000228643,25
ENSG00000182909,6
ENSG00000228927,26
ENSG00000229081,35
ENSG00000183317,7
ENSG00000180061,11
ENSG00000169436,10
ENSG00000169126,11
ENSG00000206384,9
ENSG00000229212,12
ENSG00000196873,6
ENSG00000184486,8
ENSG00000188171,10
ENSG00000229571,28
ENSG00000196878,9
ENSG00000186807,9
ENSG00000206760,25
ENSG00000229604,14
ENSG00000206910,12
ENSG00000229665,16
ENSG00000229686,27
ENSG00000167014,11
ENSG00000207511,9
ENSG00000229930,6
ENSG00000207642,7
ENSG00000184012,10
ENSG00000187550,26
ENSG00000188672,6
ENSG00000211553,7
ENSG00000230099,35
ENSG00000184985,12
ENSG00000230325,33
ENSG00000188818,8
ENSG00000230657,32
ENSG00000197136,8
ENSG00000187786,7
ENSG00000184381,8
ENSG00000230903,15
ENSG00000197256,6
ENSG00000181135,6
ENSG00000231226,33
ENSG00000171130,7
ENSG00000231389,18
ENSG00000197376,24
ENSG00000231396,16
ENSG00000211706,30
ENSG00000174194,13
ENSG00000187954,6
ENSG00000211707,30
ENSG00000232399,16
ENSG00000197558,12
ENSG00000232423,29
ENSG00000184838,13
ENSG00000197599,8
ENSG00000232629,34
ENSG00000232637,34
ENSG00000211721,16
ENSG00000232937,12
ENSG00000232941,35
ENSG00000232987,19
ENSG00000171311,6
ENSG00000179532,8
ENSG00000233136,16
ENSG00000171314,6
ENSG00000179583,9
ENSG00000188163,9
ENSG00000233223,7
ENSG00000185522,7
ENSG00000188229,8
ENSG00000233396,29
ENSG00000196240,16
ENSG00000188511,26
ENSG00000196367,8
ENSG00000233917,31
ENSG00000198083,16
ENSG00000234278,14
ENSG00000182149,10
ENSG00000188986,22
ENSG00000171954,14
ENSG00000234477,15
ENSG00000211795,17
ENSG00000196502,26
ENSG00000211805,7
ENSG00000234745,34
ENSG00000211892,8
ENSG00000234857,8
ENSG00000171873,6
ENSG00000211896,34
ENSG00000234859,24
ENSG00000166105,6
ENSG00000211897,22
ENSG00000211900,29
ENSG00000235281,32
ENSG00000196569,14
ENSG00000211904,29
ENSG00000235481,35
ENSG00000198538,24
ENSG00000211905,29
ENSG00000211936,31
ENSG00000235994,27
ENSG00000211941,16
ENSG00000236116,9
ENSG00000198722,6
ENSG00000196774,7
ENSG00000236138,28
ENSG00000196358,7
ENSG00000211952,7
ENSG00000236140,35
ENSG00000198785,18
ENSG00000211970,22
ENSG00000236255,24
ENSG00000196372,8
ENSG00000236396,35
ENSG00000236438,12
ENSG00000196406,9
ENSG00000236537,34
ENSG00000186364,9
ENSG00000213020,25
ENSG00000236816,34
ENSG00000197054,7
ENSG00000186472,6
ENSG00000197081,6
ENSG00000213240,15
ENSG00000236981,30
ENSG00000183016,20
ENSG00000197110,21
ENSG00000213413,22
ENSG00000237207,25
ENSG00000197146,19
ENSG00000213439,20
ENSG00000237412,22
ENSG00000162641,6
ENSG00000171931,8
ENSG00000213512,19
ENSG00000237500,32
ENSG00000186532,9
ENSG00000197253,23
ENSG00000237647,29
ENSG00000177169,11
ENSG00000197283,8
ENSG00000237792,25
ENSG00000200336,25
ENSG00000197345,21
ENSG00000237975,35
ENSG00000187545,6
ENSG00000238062,24
ENSG00000197386,11
ENSG00000238113,35
ENSG00000197410,7
ENSG00000238211,29
ENSG00000183431,7
ENSG00000214029,20
ENSG00000183454,6
ENSG00000187741,11
ENSG00000196747,7
ENSG00000197463,9
ENSG00000239066,35
ENSG00000201709,9
ENSG00000239257,34
ENSG00000239275,32
ENSG00000214140,24
ENSG00000239291,35
ENSG00000197603,11
ENSG00000187555,12
ENSG00000203326,13
ENSG00000197838,8
ENSG00000239944,28
ENSG00000187583,24
ENSG00000188107,15
ENSG00000187535,12
ENSG00000214787,19
ENSG00000240542,35
ENSG00000241241,32
ENSG00000214929,6
ENSG00000241287,31
ENSG00000183765,9
ENSG00000215021,34
ENSG00000241598,26
ENSG00000215113,10
ENSG00000174744,7
ENSG00000173875,6
ENSG00000184009,7
ENSG00000215115,10
ENSG00000171475,6
ENSG00000241962,7
ENSG00000188738,11
ENSG00000187800,8
ENSG00000215126,28
ENSG00000188782,9
ENSG00000198099,10
ENSG00000242086,34
ENSG00000187942,6
ENSG00000197483,10
ENSG00000242188,12
ENSG00000184343,13
ENSG00000215277,18
ENSG00000187961,24
ENSG00000215424,26
ENSG00000243056,24
ENSG00000187955,6
ENSG00000243069,33
ENSG00000243130,28
ENSG00000243137,35
ENSG00000197858,6
ENSG00000215910,18
ENSG00000243729,19
ENSG00000204514,6
ENSG00000188383,18
ENSG00000188157,16
ENSG00000216133,21
ENSG00000244045,35
ENSG00000244198,26
ENSG00000204604,20
ENSG00000204873,9
ENSG00000198732,13
ENSG00000244479,35
ENSG00000244482,32
ENSG00000221241,20
ENSG00000244486,33
ENSG00000198276,13
ENSG00000174227,9
ENSG00000221381,20
ENSG00000246627,34
ENSG00000188747,6
ENSG00000221684,10
ENSG00000198816,22
ENSG00000180353,8
ENSG00000196313,6
ENSG00000198930,10
ENSG00000204991,26
ENSG00000184206,10
ENSG00000198576,25
ENSG00000248671,32
ENSG00000198683,18
ENSG00000248828,31
ENSG00000222482,22
ENSG00000249001,35
ENSG00000223187,24
ENSG00000176714,8
ENSG00000249104,8
ENSG00000175792,7
ENSG00000185404,6
ENSG00000198933,7
ENSG00000249189,34
ENSG00000198939,9
ENSG00000249435,27
ENSG00000205702,14
ENSG00000176771,7
ENSG00000223614,9
ENSG00000249592,34
ENSG00000249602,12
ENSG00000196352,6
ENSG00000205869,15
ENSG00000223865,14
ENSG00000196712,16
ENSG00000189375,9
ENSG00000189409,6
ENSG00000250361,31
ENSG00000203546,13
ENSG00000250591,26
ENSG00000224796,14
ENSG00000250794,30
ENSG00000196433,16
ENSG00000206535,26
ENSG00000203827,28
ENSG00000250844,8
ENSG00000206549,9
ENSG00000203772,28
ENSG00000196455,10
ENSG00000186111,15
ENSG00000203813,7
ENSG00000225243,23
ENSG00000251039,6
ENSG00000206892,6
ENSG00000173612,6
ENSG00000251088,6
ENSG00000225490,9
ENSG00000251439,35
ENSG00000204152,20
ENSG00000251655,31
ENSG00000186232,6
ENSG00000225614,13
ENSG00000252020,29
ENSG00000208002,11
ENSG00000252024,17
ENSG00000204352,17
ENSG00000252143,29
ENSG00000211592,7
ENSG00000204248,18
ENSG00000225950,21
ENSG00000211593,7
ENSG00000226321,28
ENSG00000252314,29
ENSG00000211594,7
ENSG00000252571,17
ENSG00000211595,7
ENSG00000252605,29
ENSG00000211596,7
ENSG00000226762,20
ENSG00000211597,7
ENSG00000178078,7
ENSG00000226870,10
ENSG00000253169,13
ENSG00000253188,35
ENSG00000178222,10
ENSG00000253286,32
ENSG00000211697,11
ENSG00000204503,25
ENSG00000253305,10
ENSG00000211698,26
ENSG00000204505,15
ENSG00000227335,29
ENSG00000253485,17
ENSG00000211699,24
ENSG00000227471,10
ENSG00000253537,14
ENSG00000227500,21
ENSG00000253731,16
ENSG00000253767,14
ENSG00000198182,12
ENSG00000253910,18
ENSG00000253953,14
ENSG00000204544,9
ENSG00000254016,7
ENSG00000228613,12
ENSG00000179142,12
ENSG00000254154,23
ENSG00000204599,18
ENSG00000254206,33
ENSG00000254221,18
ENSG00000197408,6
ENSG00000204620,9
ENSG00000228804,11
ENSG00000204624,6
ENSG00000254245,18
ENSG00000174876,6
ENSG00000204613,6
ENSG00000254402,6
ENSG00000197694,6
ENSG00000229142,14
ENSG00000174898,7
ENSG00000204775,9
ENSG00000254539,34
ENSG00000184271,10
ENSG00000204887,9
ENSG00000254548,14
ENSG00000197721,25
ENSG00000186919,14
ENSG00000204936,21
ENSG00000254690,10
ENSG00000254737,25
ENSG00000197785,6
ENSG00000229848,9
ENSG00000254739,22
ENSG00000254923,33
ENSG00000229874,21
ENSG00000254978,10
ENSG00000254996,25
ENSG00000211915,26
ENSG00000211917,26
ENSG00000255052,33
ENSG00000211918,26
ENSG00000187498,18
ENSG00000255148,35
ENSG00000211920,9
ENSG00000205097,21
ENSG00000255152,6
ENSG00000198382,9
ENSG00000211921,9
ENSG00000175267,10
ENSG00000181019,8
ENSG00000231188,21
ENSG00000255165,14
ENSG00000211923,8
ENSG00000205238,10
ENSG00000198478,15
ENSG00000211924,8
ENSG00000255251,18
ENSG00000211925,7
ENSG00000180773,6
ENSG00000205420,6
ENSG00000231774,10
ENSG00000255378,16
ENSG00000205441,19
ENSG00000231868,15
ENSG00000198569,6
ENSG00000231870,8
ENSG00000255408,35
ENSG00000211953,23
ENSG00000231925,21
ENSG00000198663,6
ENSG00000188162,7
ENSG00000205609,12
ENSG00000255432,6
ENSG00000211968,20
ENSG00000169855,6
ENSG00000232725,33
ENSG00000188199,15
ENSG00000232814,34
ENSG00000255974,26
ENSG00000206013,15
ENSG00000256377,29
ENSG00000198796,8
ENSG00000212721,14
ENSG00000206127,9
ENSG00000205755,17
ENSG00000212722,30
ENSG00000233175,33
ENSG00000256453,21
ENSG00000185467,6
ENSG00000257221,16
ENSG00000257225,23
ENSG00000204304,7
ENSG00000206737,12
ENSG00000233483,33
ENSG00000188596,21
ENSG00000233799,25
ENSG00000182134,11
ENSG00000257411,13
ENSG00000188130,6
ENSG00000207199,23
ENSG00000207554,13
ENSG00000180219,8
ENSG00000233930,24
ENSG00000258099,7
ENSG00000213416,6
ENSG00000206181,7
ENSG00000182325,6
ENSG00000258441,21
ENSG00000234362,10
ENSG00000258461,6
ENSG00000234409,25
ENSG00000258924,35
ENSG00000206530,7
ENSG00000234442,10
ENSG00000258992,26
ENSG00000182687,13
ENSG00000259018,12
ENSG00000234699,18
ENSG00000259224,34
ENSG00000235245,31
ENSG00000259295,12
ENSG00000259298,29
ENSG00000213614,23
ENSG00000211661,12
ENSG00000259310,15
ENSG00000203520,20
ENSG00000213918,8
ENSG00000183048,6
ENSG00000178665,7
ENSG00000259357,22
ENSG00000259396,17
ENSG00000213999,20
ENSG00000236032,12
ENSG00000259441,11
ENSG00000236065,7
ENSG00000259539,29
ENSG00000203836,8
ENSG00000236104,21
ENSG00000259618,29
ENSG00000203843,12
ENSG00000189013,6
ENSG00000236266,17
ENSG00000259848,16
ENSG00000236333,24
ENSG00000259933,10
ENSG00000259970,35
ENSG00000183397,8
ENSG00000260182,20
ENSG00000236597,29
ENSG00000260230,29
ENSG00000196365,6
ENSG00000260659,25
ENSG00000215041,6
ENSG00000260861,20
ENSG00000204681,8
ENSG00000183605,11
ENSG00000237111,29
ENSG00000260982,29
ENSG00000237297,31
ENSG00000237298,29
ENSG00000261123,8
ENSG00000237547,29
ENSG00000261204,26
ENSG00000261240,20
ENSG00000211959,19
ENSG00000261273,10
ENSG00000261294,31
ENSG00000204941,9
ENSG00000238106,10
ENSG00000261418,34
ENSG00000215979,6
ENSG00000183921,8
ENSG00000238556,8
ENSG00000261832,19
ENSG00000217769,7
ENSG00000261872,23
ENSG00000261934,14
ENSG00000184402,6
ENSG00000220240,7
ENSG00000238737,19
ENSG00000262209,16
ENSG00000238795,34
ENSG00000262265,35
ENSG00000196834,10
ENSG00000204634,6
ENSG00000211895,11
ENSG00000262482,24
ENSG00000262576,18
ENSG00000263488,18
ENSG00000221723,15
ENSG00000205250,7
ENSG00000239521,22
ENSG00000263574,24
ENSG00000196946,7
ENSG00000211914,24
ENSG00000239715,11
ENSG00000263756,8
ENSG00000184489,11
ENSG00000179091,12
ENSG00000263798,20
ENSG00000239998,24
ENSG00000240041,29
ENSG00000263929,25
ENSG00000196576,7
ENSG00000240093,7
ENSG00000263975,14
ENSG00000240386,6
ENSG00000214279,26
ENSG00000240505,19
ENSG00000214447,11
ENSG00000264696,15
ENSG00000185046,9
ENSG00000264701,16
ENSG00000240991,20
ENSG00000264799,23
ENSG00000223380,30
ENSG00000179526,12
ENSG00000197414,6
ENSG00000206190,6
ENSG00000214860,27
ENSG00000185033,9
ENSG00000265143,33
ENSG00000265252,18
ENSG00000223648,19
ENSG00000265386,25
ENSG00000223779,18
ENSG00000197632,10
ENSG00000265565,27
ENSG00000205212,13
ENSG00000265826,28
ENSG00000215033,9
ENSG00000241525,17
ENSG00000266026,6
ENSG00000188878,6
ENSG00000266325,23
ENSG00000224373,20
ENSG00000196963,9
ENSG00000211966,7
ENSG00000241852,24
ENSG00000224389,14
ENSG00000215186,8
ENSG00000211967,18
ENSG00000266396,21
ENSG00000224574,15
ENSG00000242472,29
ENSG00000266437,16
ENSG00000207948,7
ENSG00000242502,19
ENSG00000185504,8
ENSG00000266447,31
ENSG00000189269,6
ENSG00000242663,6
ENSG00000266632,12
ENSG00000189308,12
ENSG00000242887,29
ENSG00000266714,34
ENSG00000211654,7
ENSG00000217862,7
ENSG00000242950,16
ENSG00000266933,35
ENSG00000211655,7
ENSG00000266997,30
ENSG00000197969,6
ENSG00000267030,16
ENSG00000267041,18
ENSG00000221318,6
ENSG00000185803,6
ENSG00000221649,25
ENSG00000243509,7
ENSG00000267124,23
ENSG00000221656,8
ENSG00000213401,7
ENSG00000267157,35
ENSG00000221802,12
ENSG00000243641,13
ENSG00000267173,28
ENSG00000225725,8
ENSG00000243664,13
ENSG00000267188,27
ENSG00000221838,7
ENSG00000197601,8
ENSG00000267322,30
ENSG00000244055,16
ENSG00000183678,7
ENSG00000267335,8
ENSG00000213973,9
ENSG00000244411,24
ENSG00000185920,6
ENSG00000213983,9
ENSG00000267508,27
ENSG00000207720,6
ENSG00000214078,11
ENSG00000267631,17
ENSG00000186104,8
ENSG00000267873,25
ENSG00000226803,8
ENSG00000226849,7
ENSG00000268107,21
ENSG00000198753,8
ENSG00000211535,6
ENSG00000214562,7
ENSG00000268120,28
ENSG00000245384,15
ENSG00000268164,29
ENSG00000214776,6
ENSG00000268288,12
ENSG00000198837,10
ENSG00000223461,12
ENSG00000214814,6
ENSG00000227108,26
ENSG00000198874,7
ENSG00000223544,10
ENSG00000248235,24
ENSG00000268543,18
ENSG00000268575,34
ENSG00000211632,6
ENSG00000223638,16
ENSG00000248333,33
ENSG00000184507,7
ENSG00000268655,8
ENSG00000248564,7
ENSG00000184571,7
ENSG00000268669,15
ENSG00000268797,32
ENSG00000227800,26
ENSG00000268798,26
ENSG00000228189,8
ENSG00000223960,22
ENSG00000248903,18
ENSG00000268885,27
ENSG00000198331,8
ENSG00000224372,11
ENSG00000248919,6
ENSG00000268896,18
ENSG00000249225,19
ENSG00000187024,14
ENSG00000269307,27
ENSG00000224807,21
ENSG00000249274,26
ENSG00000269356,27
ENSG00000228696,15
ENSG00000269358,6
ENSG00000269376,27
ENSG00000203403,15
ENSG00000213859,12
ENSG00000225123,13
ENSG00000269396,34
ENSG00000269404,33
ENSG00000225396,19
ENSG00000249889,32
ENSG00000229153,14
ENSG00000218839,11
ENSG00000250238,7
ENSG00000187244,6
ENSG00000198870,6
ENSG00000219481,12
ENSG00000250312,7
ENSG00000269676,34
ENSG00000183287,6
ENSG00000250321,10
ENSG00000229776,14
ENSG00000250892,7
ENSG00000230087,6
ENSG00000251188,8
ENSG00000270170,33
ENSG00000270249,13
ENSG00000213759,12
ENSG00000251535,7
ENSG00000270601,28
ENSG00000213780,6
ENSG00000221405,14
ENSG00000185988,11
ENSG00000226526,6
ENSG00000251689,8
ENSG00000270757,9
ENSG00000230695,13
ENSG00000271093,24
ENSG00000197360,9
ENSG00000226625,15
ENSG00000271581,34
ENSG00000271752,19
ENSG00000215301,8
ENSG00000252616,7
ENSG00000186280,8
ENSG00000271798,27
ENSG00000231205,22
ENSG00000221880,9
ENSG00000252915,8
ENSG00000271810,9
ENSG00000214021,6
ENSG00000253132,22
ENSG00000271875,35
ENSG00000231486,7
ENSG00000272066,34
ENSG00000188312,6
ENSG00000272162,30
ENSG00000231852,14
ENSG00000272294,34
ENSG00000227212,6
ENSG00000253409,16
ENSG00000188338,9
ENSG00000272299,32
ENSG00000188033,6
ENSG00000231924,6
ENSG00000188064,6
ENSG00000232138,7
ENSG00000272588,34
ENSG00000272736,14
ENSG00000232543,8
ENSG00000228049,14
ENSG00000272975,14
ENSG00000203757,8
ENSG00000187116,6
ENSG00000187144,10
ENSG00000254215,16
ENSG00000232710,14
ENSG00000188385,8
ENSG00000223111,19
ENSG00000223182,19
ENSG00000212140,7
ENSG00000254329,22
ENSG00000273058,33
ENSG00000198400,13
ENSG00000273088,12
ENSG00000223501,7
ENSG00000273171,35
ENSG00000223552,6
nan,36413
ENSG00000233306,24
ENSG00000204311,6
ENSG00000254964,20
ENSG00000233627,7
ENSG00000230225,17
ENSG00000188517,10
ENSG00000230453,15
ENSG00000255168,28
ENSG00000231086,12
ENSG00000224388,8
ENSG00000255177,26
ENSG00000234377,6
ENSG00000231360,26
ENSG00000196090,11
ENSG00000232456,21
ENSG00000234521,10
ENSG00000255436,12
ENSG00000255470,6
ENSG00000234614,7
ENSG00000255641,27
ENSG00000234829,7
ENSG00000256143,7
ENSG00000224821,18
ENSG00000256586,33
ENSG00000235387,21
ENSG00000256925,26
ENSG00000187733,8
ENSG00000203780,12
ENSG00000233013,10
ENSG00000225745,8
ENSG00000233336,15
ENSG00000257335,22
ENSG00000204644,9
ENSG00000215269,6
ENSG00000204655,9
ENSG00000257553,10
ENSG00000184033,6
ENSG00000257759,22
ENSG00000233849,19
ENSG00000258366,9
ENSG00000226310,16
ENSG00000234367,27
ENSG00000236432,19
ENSG00000234373,13
ENSG00000258555,8
ENSG00000236498,29
ENSG00000234523,13
ENSG00000188677,7
ENSG00000215749,12
ENSG00000226675,9
ENSG00000259112,8
ENSG00000237037,15
ENSG00000234972,13
ENSG00000259176,21
ENSG00000235026,25
ENSG00000235398,22
ENSG00000216649,6
ENSG00000237649,7
ENSG00000226807,18
ENSG00000259807,22
ENSG00000259928,12
ENSG00000238083,16
ENSG00000227518,11
ENSG00000205464,19
ENSG00000260122,32
ENSG00000260415,32
ENSG00000260517,22
ENSG00000227551,7
ENSG00000236567,17
ENSG00000187672,8
ENSG00000197321,13
ENSG00000228343,9
ENSG00000237399,22
ENSG00000261556,6
ENSG00000239886,24
ENSG00000222383,11
ENSG00000261586,32
ENSG00000237541,14
ENSG00000261739,20
ENSG00000261744,33
ENSG00000229828,19
ENSG00000240040,7
ENSG00000205038,15
ENSG00000240137,12
ENSG00000223417,8
ENSG00000240221,15
ENSG00000240224,8
ENSG00000197912,9
ENSG00000240654,7
ENSG00000207019,13
ENSG00000238535,6
ENSG00000240871,23
ENSG00000263660,28
ENSG00000263751,29
ENSG00000197461,6
ENSG00000241119,24
ENSG00000207773,12
ENSG00000238961,13
ENSG00000231064,10
ENSG00000241322,26
ENSG00000239282,15
ENSG00000231192,15
ENSG00000264005,29
ENSG00000239492,6
ENSG00000264242,11
ENSG00000241595,13
ENSG00000239605,15
ENSG00000231447,9
ENSG00000264471,7
ENSG00000197910,15
ENSG00000241635,24
ENSG00000188626,7
ENSG00000188647,6
ENSG00000231633,6
ENSG00000212724,9
ENSG00000198522,8
ENSG00000242173,24
ENSG00000264781,29
ENSG00000242515,24
ENSG00000198793,6
ENSG00000265399,8
ENSG00000198677,7
ENSG00000265490,11
ENSG00000232653,14
ENSG00000265539,7
ENSG00000213714,10
ENSG00000265714,29
ENSG00000265799,22
ENSG00000197498,9
ENSG00000243566,18
ENSG00000244122,24
ENSG00000266408,29
ENSG00000211793,14
ENSG00000241370,18
ENSG00000233198,6
ENSG00000244474,7
ENSG00000214518,9
ENSG00000266637,30
ENSG00000244620,26
ENSG00000266733,12
ENSG00000233586,28
ENSG00000244731,9
ENSG00000266775,11
ENSG00000266903,11
ENSG00000200656,6
ENSG00000242384,15
ENSG00000215018,6
ENSG00000266967,21
ENSG00000201772,6
ENSG00000227855,8
ENSG00000266978,6
ENSG00000201800,8
ENSG00000242866,17
ENSG00000201919,7
ENSG00000234425,15
ENSG00000248647,25
ENSG00000234298,6
ENSG00000267060,20
ENSG00000196526,6
ENSG00000248710,11
ENSG00000243088,8
ENSG00000267110,10
ENSG00000229089,7
ENSG00000243452,16
ENSG00000267577,12
ENSG00000216193,6
ENSG00000243762,8
ENSG00000200469,6
ENSG00000188869,7
ENSG00000196730,8
ENSG00000268375,20
ENSG00000201448,6
ENSG00000244371,14
ENSG00000211935,16
ENSG00000250852,10
ENSG00000236107,15
ENSG00000251537,26
ENSG00000199053,7
ENSG00000244666,8
ENSG00000221857,15
ENSG00000236875,13
ENSG00000231808,16
ENSG00000221946,14
ENSG00000269345,6
ENSG00000248167,18
ENSG00000222046,6
ENSG00000237253,9
ENSG00000237343,28
ENSG00000269469,30
ENSG00000248751,15
ENSG00000269524,28
ENSG00000237020,24
ENSG00000269706,21
ENSG00000253350,21
ENSG00000237017,10
ENSG00000253406,25
ENSG00000233098,13
ENSG00000270149,25
ENSG00000253464,23
ENSG00000250365,11
ENSG00000253742,20
ENSG00000204569,6
ENSG00000270726,16
ENSG00000254035,9
ENSG00000224051,6
ENSG00000233280,7
ENSG00000270926,23
ENSG00000250615,13
ENSG00000213934,16
ENSG00000251364,9
ENSG00000237611,6
ENSG00000233802,8
ENSG00000237781,6
ENSG00000214013,13
ENSG00000271963,20
ENSG00000272004,34
ENSG00000272082,15
ENSG00000251913,6
ENSG00000225485,18
ENSG00000198198,7
ENSG00000272108,16
ENSG00000215976,12
ENSG00000253196,13
ENSG00000272182,21
ENSG00000238141,12
ENSG00000272333,11
ENSG00000204934,7
ENSG00000253467,19
ENSG00000255071,25
ENSG00000242372,8
ENSG00000253546,14
ENSG00000242480,14
ENSG00000272767,30
ENSG00000255206,21
ENSG00000226381,15
ENSG00000239961,13
ENSG00000253989,19
ENSG00000273112,10
ENSG00000255847,8
ENSG00000236362,7
ENSG00000254017,17
ENSG00000273463,13
ENSG00000255929,21
ENSG00000241233,9
ENSG00000254531,25
ENSG00000254578,6
ENSG00000227432,7
ENSG00000244612,7
ENSG00000200174,11
ENSG00000254741,9
ENSG00000254910,6
ENSG00000205426,13
ENSG00000243136,10
ENSG00000242599,7
ENSG00000206838,6
ENSG00000222179,10
ENSG00000258999,6
ENSG00000254990,8
ENSG00000255050,19
ENSG00000259225,9
ENSG00000259261,15
ENSG00000224490,7
ENSG00000223351,12
ENSG00000249482,7
ENSG00000250231,7
ENSG00000260051,7
ENSG00000250431,15
ENSG00000255533,6
ENSG00000248166,15
ENSG00000255804,11
ENSG00000260188,32
ENSG00000246090,12
ENSG00000260316,14
ENSG00000248905,6
ENSG00000260729,24
ENSG00000249141,19
ENSG00000240065,6
ENSG00000261115,21
ENSG00000224888,18
ENSG00000257605,23
ENSG00000211893,11
ENSG00000250151,6
ENSG00000211912,14
ENSG00000250510,18
ENSG00000261641,7
ENSG00000249715,7
ENSG00000250696,12
ENSG00000252347,17
ENSG00000252523,6
ENSG00000225784,13
ENSG00000259145,7
ENSG00000261915,6
ENSG00000253291,22
ENSG00000253534,22
ENSG00000259755,15
ENSG00000259803,9
ENSG00000253701,11
ENSG00000213023,15
ENSG00000252933,7
ENSG00000253882,12
ENSG00000227407,6
ENSG00000236394,20
ENSG00000205560,7
ENSG00000254536,7
ENSG00000227717,13
ENSG00000254415,20
ENSG00000205754,6
ENSG00000229947,6
ENSG00000254913,7
ENSG00000261272,11
ENSG00000253846,6
ENSG00000228668,6
ENSG00000255192,10
ENSG00000255507,8
ENSG00000214655,12
ENSG00000255568,12
ENSG00000266939,15
ENSG00000214783,6
ENSG00000254167,7
ENSG00000267021,6
ENSG00000255800,10
ENSG00000213654,7
ENSG00000229988,16
ENSG00000213676,6
ENSG00000263069,7
ENSG00000255872,8
ENSG00000231646,9
ENSG00000214597,6
ENSG00000255949,6
ENSG00000263624,6
ENSG00000256861,6
ENSG00000263649,13
ENSG00000215020,16
ENSG00000264177,27
ENSG00000264357,6
ENSG00000218422,6
ENSG00000232085,9
ENSG00000258941,15
ENSG00000250120,7
ENSG00000268618,8
ENSG00000240240,12
ENSG00000264991,23
ENSG00000256212,19
ENSG00000268750,9
ENSG00000258839,10
ENSG00000250541,6
ENSG00000268870,18
ENSG00000259533,23
ENSG00000259175,14
ENSG00000219073,7
ENSG00000269343,9
ENSG00000259665,10
ENSG00000259838,9
ENSG00000266929,6
ENSG00000221343,6
ENSG00000258727,9
ENSG00000242550,10
ENSG00000258790,6
ENSG00000242902,6
ENSG00000267043,11
ENSG00000269680,18
ENSG00000215790,7
ENSG00000269755,17
ENSG00000269881,7
ENSG00000260274,21
ENSG00000267131,18
ENSG00000267139,14
ENSG00000224597,12
ENSG00000222348,6
ENSG00000260447,10
ENSG00000267179,7
ENSG00000260616,6
ENSG00000267241,23
ENSG00000215374,6
ENSG00000267280,18
ENSG00000261419,13
ENSG00000261526,18
ENSG00000222011,8
ENSG00000244558,8
ENSG00000267432,24
ENSG00000271776,6
ENSG00000261798,11
ENSG00000271781,10
ENSG00000267645,14
ENSG00000267688,14
ENSG00000261485,7
ENSG00000261582,8
ENSG00000262728,14
ENSG00000263171,12
ENSG00000263462,13
ENSG00000268204,6
ENSG00000272154,13
ENSG00000268400,11
ENSG00000268470,25
ENSG00000272921,8
ENSG00000264286,15
ENSG00000268861,17
ENSG00000203867,7
ENSG00000273167,8
ENSG00000263582,19
ENSG00000225370,9
ENSG00000264024,11
ENSG00000255854,6
ENSG00000239011,15
ENSG00000265528,7
ENSG00000269913,19
ENSG00000266302,6
ENSG00000253200,7
ENSG00000270760,17
ENSG00000238622,7
ENSG00000265393,13
ENSG00000271627,22
ENSG00000240521,7
ENSG00000271751,14
ENSG00000259424,8
ENSG00000239486,7
ENSG00000272045,13
ENSG00000272186,14
ENSG00000266729,16
ENSG00000266896,10
ENSG00000239969,7
ENSG00000267232,18
ENSG00000272395,21
ENSG00000260639,11
ENSG00000267048,11
ENSG00000267552,12
ENSG00000213338,6
ENSG00000272682,12
ENSG00000228570,9
ENSG00000267795,8
ENSG00000272949,14
ENSG00000267318,9
ENSG00000267952,23
ENSG00000273003,6
ENSG00000227775,7
ENSG00000268278,25
ENSG00000268500,22
ENSG00000267706,7
ENSG00000243290,6
ENSG00000231584,6
ENSG00000254995,6
ENSG00000268265,28
ENSG00000206991,6
ENSG00000243968,9
ENSG00000267892,11
ENSG00000269110,10
ENSG00000269371,22
ENSG00000233101,14
ENSG00000269476,6
ENSG00000269547,15
ENSG00000234678,6
ENSG00000264031,8
ENSG00000230728,6
ENSG00000225138,6
ENSG00000244393,13
ENSG00000256870,6
ENSG00000224226,6
ENSG00000249494,15
ENSG00000271321,6
ENSG00000232871,9
ENSG00000257337,6
ENSG00000271748,13
ENSG00000257829,17
ENSG00000258253,9
ENSG00000258472,14
ENSG00000233041,7
ENSG00000272396,21
ENSG00000231342,7
ENSG00000272897,11
ENSG00000272991,11
ENSG00000250349,10
ENSG00000259455,7
ENSG00000273184,14
ENSG00000272448,6
ENSG00000267551,14
ENSG00000267748,15
ENSG00000273333,6
ENSG00000254184,7
ENSG00000251661,6
ENSG00000238272,14
ENSG00000238551,9
ENSG00000238683,8
ENSG00000253099,11
ENSG00000261337,10
ENSG00000253664,7
ENSG00000261691,6
ENSG00000230958,13
ENSG00000269915,14
ENSG00000253780,16
ENSG00000256673,23
ENSG00000241850,12
ENSG00000242317,9
ENSG00000255089,6
ENSG00000255115,10
ENSG00000255125,7
ENSG00000272927,7
ENSG00000242908,10
ENSG00000265257,11
ENSG00000265329,6
ENSG00000244691,7
ENSG00000241106,7
ENSG00000228318,8
ENSG00000265575,7
ENSG00000260062,12
ENSG00000266053,11
ENSG00000256463,6
ENSG00000244586,9
ENSG00000260375,12
ENSG00000260807,9
ENSG00000266964,15
ENSG00000249825,8
ENSG00000261332,9
ENSG00000223642,7
ENSG00000261346,9
ENSG00000243943,10
ENSG00000237227,11
ENSG00000268230,11
ENSG00000248049,11
ENSG00000268895,11
ENSG00000238340,6
ENSG00000268965,6
ENSG00000260629,16
ENSG00000261041,11
ENSG00000261373,14
ENSG00000265590,6
ENSG00000250264,9
ENSG00000266077,6
ENSG00000241075,6
ENSG00000263831,9
ENSG00000249693,6
ENSG00000266739,6
ENSG00000240563,11
ENSG00000249773,7
ENSG00000267149,6
ENSG00000253364,11
ENSG00000267426,7
ENSG00000258210,10
ENSG00000248445,6
ENSG00000269318,11
ENSG00000269403,10
ENSG00000255966,6
ENSG00000269807,8
ENSG00000256066,8
ENSG00000259516,7
ENSG00000268496,6
ENSG00000250305,6
ENSG00000255663,7
ENSG00000260095,15
ENSG00000258334,6
ENSG00000271980,15
ENSG00000256206,9
ENSG00000260411,11
ENSG00000260772,8
ENSG00000259080,10
ENSG00000270105,6
ENSG00000257285,7
ENSG00000254413,7
ENSG00000261602,8
ENSG00000273398,6
ENSG00000252475,10
ENSG00000262660,6
ENSG00000259132,7
ENSG00000260394,9
ENSG00000253071,6
ENSG00000257046,6
ENSG00000262246,12
ENSG00000258458,6
ENSG00000263991,7
ENSG00000264385,7
ENSG00000264425,8
ENSG00000267436,8
ENSG00000267653,6
ENSG00000267077,6
ENSG00000267784,8
ENSG00000264703,6
ENSG00000268583,15
ENSG00000267523,7
ENSG00000268193,6
ENSG00000269949,6
ENSG00000270119,16
ENSG00000270652,7
ENSG00000265500,6
ENSG00000267980,6
ENSG00000271217,15
ENSG00000272589,11
ENSG00000271698,6
ENSG00000272916,12
ENSG00000271959,11
ENSG00000267984,6
ENSG00000273432,6
ENSG00000272911,8
ENSG00000267118,6
ENSG00000273217,6
ENSG00000273293,7
ENSG00000267261,6
ENSG00000271141,6
ENSG00000263439,6
ENSG00000267938,7
